{
    "x_norm": [
        5.964882943143812,
        0.7759197324414715
    ],
    "px_norm": [
        -2.0634260804220717e-15,
        -3.1522556799720503e-16
    ],
    "y_norm": [
        0.1555183946488294,
        13.789297658862878
    ],
    "py_norm": [
        6.326201192604459e-17,
        -1.1566103266135982e-15
    ],
    "zeta_norm": [
        0.0065,
        0.0065
    ],
    "pzeta_norm": [
        2.0328790734103208e-20,
        6.776263578034403e-21
    ]
}